<application>
  <component name="ProjectManager">
    <defaultProject>
      <component name="PropertiesComponent"><![CDATA[{
  "keyToString": {
    "settings.editor.selected.configurable": "AndroidSdkUpdater"
  }
}]]></component>
      <component name="WindowStateProjectService">
        <state x="222" y="55" key="SettingsEditor" timestamp="1726770897615">
          <screen x="0" y="0" width="1536" height="816" />
        </state>
        <state x="222" y="55" key="SettingsEditor/0.0.1536.816" timestamp="1726770897615" />
      </component>
    </defaultProject>
  </component>
</application>